{"\u062a\u0626\u0627\u062a\u0631": 60.83632993941593, "\u0628\u0627\u0632\u06cc\u06af\u0631": 51.61183191236724, "\u0647\u0646\u0631\u0645\u0646\u062f": 33.14581325884296, "\u0646\u0645\u0627\u06cc\u0634": 30.25039526965043, "\u0633\u06cc\u0646\u0645\u0627": 28.185296904984472, "\u062a\u0626\u0627\u062a\u0631\u0628\u0627\u0632\u0647\u0627": 26.324319359248793, "\u062a\u0644\u0648\u06cc\u0632\u06cc\u0648\u0646": 20.24662821229867, "\u06a9\u0627\u0631\u06af\u0631\u062f\u0627\u0646": 19.164668240621438, "\u0647\u0646\u0631\u067e\u06cc\u0634\u0647": 19.124779263642942, "\u0633\u06cc\u0646\u0645\u0627 \u062a\u0644\u0648\u06cc\u0632\u06cc\u0648\u0646": 17.99888706824994, "\u062a\u0626\u0627\u062a\u0631 \u0646\u0645\u0627\u06cc\u0634": 17.691461149204855, "\u0633\u0631\u06cc\u0627\u0644_\u0639\u0627\u0634\u0642\u0627\u0646\u0647": 17.67654226045166, "\u0633\u0631\u06cc\u0627\u0644": 17.103517768186556, "\u062a\u0626\u0627\u062a\u0631\u0634\u0647\u0631": 16.89183527785618, "\u062a\u0647\u0631\u0627\u0646": 16.29367597173385, "\u062a\u0645\u0627\u0634\u0627\u062e\u0627\u0646\u0647_\u0627\u06cc\u0631\u0627\u0646\u0634\u0647\u0631": 16.047105012627323, "\u0647\u0646\u0631\u0645\u0646\u062f\u0627\u0646_\u0627\u06cc\u0631\u0627\u0646\u06cc": 15.839286464534291, "\u0641\u06cc\u0644\u0645": 15.3611370737854, "\u0647\u0646\u0631": 15.091162038507663, "\u0628\u0627\u0632\u06cc\u06af\u0631\u0627\u06cc\u0631\u0627\u0646\u06cc": 14.852671124788275, "\u0646\u0648\u06cc\u0633\u0646\u062f\u0647": 14.303251860869901, "\u0645\u062c\u0631\u06cc": 14.261212701598945, "\u0628\u0627\u0632\u06cc\u06af\u0631\u0632\u0646": 13.46805754271457, "\u0628\u0627\u0632\u06cc\u06af\u0631 \u0628\u0627\u0632\u06cc\u06af\u0631\u0627\u06cc\u0631\u0627\u0646\u06cc": 13.466556015484903, "\u0628\u0627\u0632\u06cc\u06af\u0631\u06cc": 13.338323229328994, "\u062a\u0626\u0627\u062a\u0631\u06cc": 12.98828143089497, "\u062e\u0648\u0627\u0646\u0646\u062f\u0647": 12.733113986384508, "\u0647\u0646\u0631\u0645\u0646\u062f\u0627\u0646_\u0627\u06cc\u0631\u0627\u0646\u06cc \u0633\u06cc\u0646\u0645\u0627": 12.644166505220182, "\u0639\u06a9\u0633_\u0628\u0627\u0632\u06cc\u06af\u0631\u0627\u0646": 12.640335663521528, "\u0628\u0627\u0632\u06cc\u06af\u0631\u0627\u0646_\u0627\u06cc\u0631\u0627\u0646\u06cc \u0647\u0646\u0631\u067e\u06cc\u0634\u0647": 12.619588615525888, "\u0628\u0627\u0632\u06cc\u06af\u0631\u0627\u06cc\u0631\u0627\u0646\u06cc \u0628\u0627\u0632\u06cc\u06af\u0631\u0627\u0646_\u0627\u06cc\u0631\u0627\u0646\u06cc": 12.592774156226055, "\u0628\u0627\u0632\u06cc\u06af\u0631\u0627\u0646_\u0627\u06cc\u0631\u0627\u0646\u06cc": 12.585183989079983, "\u062f\u06a9\u062a\u0631": 12.50377154230654, "\u0628\u0627\u0632\u06cc\u06af\u0631_\u0632\u0646": 12.09280744876487, "\u062f\u06a9\u062a\u0631 \u0645\u0647\u0631\u0627\u0646_\u0645\u062f\u06cc\u0631\u06cc": 12.053407266203228, "\u062a\u0626\u0627\u062a\u0631\u06cc_\u0647\u0627": 11.693967210817183, "\u062a\u0644\u0648\u06cc\u0632\u06cc\u0648\u0646 \u062a\u0626\u0627\u062a\u0631": 11.646453227181546, "\u0628\u0627\u0632\u06cc\u06af\u0631\u06cc_\u062d\u0631\u0641\u0647_": 11.61340522809379, "\u0628\u0627\u0632\u06cc\u06af\u0631 \u0628\u0627\u0632\u06cc\u06af\u0631": 11.582481297733159, "\u06a9\u0627\u0631\u06af\u0631\u062f\u0627\u0646\u06cc": 11.536770124383096, "\u062a\u0626\u0627\u062a\u0631_\u0645\u0633\u062a\u0642\u0644_\u062a\u0647\u0631\u0627\u0646": 11.520451999359436, "\u062a\u0628\u0644\u06cc\u063a\u0627\u062a_\u062a\u0626\u0627\u062a\u0631 \u062a\u0626\u0627\u062a\u0631": 11.233902409687655, "\u0635\u062d\u0646\u0647": 11.100257202036088, "\u0645\u0635\u0637\u0641\u0627_\u06a9\u0648\u0634\u06a9\u06cc": 10.978835422448185, "\u062a\u0626\u0627\u062a\u0631\u0628\u0627\u0632\u0647\u0627 \u062a\u0626\u0627\u062a\u0631": 10.878855028506536, "\u0628\u0627\u0632\u06cc\u06af\u0631\u0645\u0639\u0631\u0648\u0641": 10.809486956822111, "\u0627\u0633\u062a\u0627\u062f": 10.79069994536795, "\u0645\u0647\u0631\u0627\u0646\u0645\u062f\u06cc\u0631\u06cc \u062f\u06a9\u062a\u0631": 10.764389196814443, "\u0628\u0627\u0632\u06cc\u06af\u0631\u06cc_\u062a\u0626\u0627\u062a\u0631": 10.619361609928765, "\u062a\u0628\u0644\u06cc\u063a\u0627\u062a_\u062a\u0626\u0627\u062a\u0631": 10.577036551107346, "\u0645\u0647\u0631\u0627\u0646\u0645\u062f\u06cc\u0631\u06cc": 10.542477261191989, "\u0647\u0646\u0631\u0645\u0646\u062f \u0639\u06a9\u0633_\u0628\u0627\u0632\u06cc\u06af\u0631\u0627\u0646": 10.350038045433411, "\u062a\u06cc\u0648\u0627\u0644": 10.184273465344052, "\u0628\u0627\u0632\u06cc\u06af\u0631\u06cc \u0628\u0627\u0632\u06cc\u06af\u0631\u06cc_\u062d\u0631\u0641\u0647_": 10.150638136143925, "\u0628\u0627\u0632\u06cc\u06af\u0631\u0632\u0646_\u0627\u06cc\u0631\u0627\u0646\u06cc": 9.904274840868531, "\u0634\u0647\u0631\u0648\u0632_\u062f\u0644_\u0627\u0641\u06a9\u0627\u0631": 9.884483183010964, "\u0639\u06a9\u0633_\u0628\u0627\u0632\u06cc\u06af\u0631\u0627\u0646 \u0647\u0646\u0631\u0645\u0646\u062f\u0627\u0646_\u0627\u06cc\u0631\u0627\u0646\u06cc": 9.833856838165786, "\u0645\u062c\u0631\u06cc \u06a9\u0627\u0631\u06af\u0631\u062f\u0627\u0646": 9.831677745138457, "\u0645\u0647\u0631\u0627\u0646_\u0645\u062f\u06cc\u0631\u06cc": 9.821607407591685, "\u0628\u0627\u0632\u06cc\u06af\u0631\u06cc_\u062a\u0626\u0627\u062a\u0631 \u062a\u0628\u0644\u06cc\u063a\u0627\u062a_\u062a\u0626\u0627\u062a\u0631": 9.762037053074899, "\u0627\u06cc\u0645\u0627_\u062a\u0626\u0627\u062a\u0631": 9.734545064147024, "\u0628\u0627\u0632\u06cc\u06af\u0631\u0632\u0646_\u0627\u06cc\u0631\u0627\u0646\u06cc \u0647\u0646\u0631\u0645\u0646\u062f": 9.694804842417277, "\u0635\u062d\u0646\u0647 \u0627\u06cc\u0645\u0627_\u062a\u0626\u0627\u062a\u0631": 9.638210936224935, "\u0628\u0627\u0632\u06cc\u06af\u0631\u0632\u0646 \u0628\u0627\u0632\u06cc\u06af\u0631_\u0632\u0646": 9.629410099152512, "\u0628\u0627\u0632\u06cc\u06af\u0631_\u0632\u0646 \u0628\u0627\u0632\u06cc\u06af\u0631\u0632\u0646_\u0627\u06cc\u0631\u0627\u0646\u06cc": 9.61754193114065, "\u0647\u0646\u0631\u067e\u06cc\u0634\u0647 \u0628\u0627\u0632\u06cc\u06af\u0631\u0632\u0646": 9.580051998946708, "\u0628\u0627\u0632\u06cc\u06af\u0631\u0645\u0631\u062f": 9.557471792655672, "\u062a\u0626\u0627\u062a\u0631 \u0628\u0627\u0632\u06cc\u06af\u0631\u0645\u0639\u0631\u0648\u0641": 9.533615278817262, "\u0627\u06cc\u0645\u0627_\u062a\u0626\u0627\u062a\u0631 \u0647\u0646\u0631\u0645\u0646\u062f": 9.397285390975489, "\u0628\u0627\u0632\u06cc\u06af\u0631\u06cc_\u062d\u0631\u0641\u0647_ \u062a\u0626\u0627\u062a\u0631\u06cc_\u0647\u0627": 9.330772616620267, "\u0647\u0646\u0631\u0645\u0646\u062f \u0628\u0627\u0632\u06cc\u06af\u0631\u06cc": 9.23055869870098, "\u0622\u062a\u0644\u06cc\u0647": 9.158205596196407, "\u0628\u0627\u0632\u06cc\u06af\u0631\u0645\u0639\u0631\u0648\u0641 \u06a9\u0627\u0631\u06af\u0631\u062f\u0627\u0646\u06cc": 9.14149820808365, "\u062e\u0648\u0627\u0646\u0646\u062f\u0647 \u0628\u0627\u0632\u06cc\u06af\u0631": 9.1101015379066, "\u0647\u0645\u0631\u0627\u0647_\u0627\u0648\u0644": 8.78195303263215, "\u062a\u0626\u0627\u062a\u0631\u06cc \u0646\u0645\u0627\u06cc\u0634": 8.637058743759667, "\u0628\u0627\u0632\u06cc\u06af\u0631 \u0633\u06cc\u0646\u0645\u0627": 8.43732588615502, "\u0627\u0633\u062a\u0627\u062f \u0645\u0647\u0631\u0627\u0646\u0645\u062f\u06cc\u0631\u06cc": 8.334739719413056, "\u062a\u06cc\u0648\u0627\u0644 \u0628\u0627\u0632\u06cc\u06af\u0631": 8.244283929428182, "\u0627\u06cc\u0631\u0627\u0646": 8.23340726972329, "\u062c\u0627\u0631\u0686\u06cc \u062a\u0626\u0627\u062a\u0631\u06cc": 7.853755093869866, "\u0639\u0627\u0634\u0642\u0627\u0646\u0647": 7.262246594847511, "\u0645\u0648\u0632\u06cc\u06a9\u0627\u0644": 7.144024716977609, "\u0627\u0648\u0644_\u0645\u0627\u0631\u06a9\u062a": 7.0778510746839896, "\u062a\u0626\u0627\u062a\u0631 \u0628\u0627\u0632\u06cc\u06af\u0631": 6.976493301316751, "\u062a\u0626\u0627\u062a\u0631\u06cc_\u0647\u0627 \u062a\u0626\u0627\u062a\u0631\u06cc": 6.883985648720705, "\u0631\u0648\u062d\u0627\u0646\u06cc": 6.85667627644427,